Avery,Intek
C&C,Honda
Casco,Honda
Derby,Intek
Garden State,Honda
Harmony,Intek
HFI,Arkay
Honda Trading,Honda
Intek,Arkay
Intek,HFI
Intek,Honda
Intek,Select Ind
Intek,Tobutsu
IPG,Honda
Iwata Bolt,Honda
Iwata Bolt,J1
Iwata Bolt,J3
J2,Tobutsu
Jergens,Intek
JFC,Honda
Lipro,Intek
Master,Arkay
Microtech,Intek
Miliken,Honda
Nhon,Intek
Piqua,Intek
S&M Tool,Select Ind
Select Ind,Arkay
Select Ind,Twist
Sumitomo,Honda
Tenere,Select Ind
Tobutsu,Arkay
Topy,Honda
Twist,Arkay
Wagner,Honda
West Michigan,Intek
World Class Plastics,Intek
